Date,Teams,Favorite/Underdog,Score,Spread Min,Spread Max,Moneyline,Payout,Win Percentage,EV

20120620,Washington Mystics,(Favorite), 77 ,-4.0,-2.5,-145.0,0.6896551724137931,0.5636817226890757,-0.047572261663285875
,Phoenix Mercury,(Underdog), 80  ,2.5,4.0,150.0,1.5,0.43631827731092443,0.09079569327731107

20120620,Los Angeles Sparks,(Favorite), 95  ,-16.0,-16.0,-1800.0,0.05555555555555555,1.0,0.05555555555555555
,Tulsa Shock,(Underdog), 79 ,16.0,16.0,1200.0,12.0,0.0,-1.0

20130923,Atlanta Dream,(Favorite), 80  ,-6.5,-6.5,-260.0,0.38461538461538464,0.6097560975609756,-0.15572232645403378
,Washington Mystics,(Underdog), 72 ,6.5,6.5,240.0,2.4,0.3902439024390244,0.3268292682926829

20130923,Los Angeles Sparks,(Favorite), 77  ,-7.5,-7.0,-300.0,0.3333333333333333,0.6934065934065934,-0.0754578754578755
,Phoenix Mercury,(Underdog), 78 ,7.0,7.5,300.0,3.0,0.3065934065934066,0.22637362637362646

20150709,Washington Mystics,(Favorite), 76  ,-4.0,-3.5,-165.0,0.6060606060606061,0.5923713235294117,-0.04861575311942973
,New York Liberty,(Underdog), 79 ,3.5,4.0,165.0,1.65,0.4076286764705882,0.0802159926470587

20150722,Los Angeles Sparks,(Favorite), 53  ,-1.5,0.0,-115.0,0.8695652173913043,0.5401960784313725,0.009931798806479042
,New York Liberty,(Underdog), 59 ,0.0,1.5,105.0,1.05,0.4598039215686274,-0.05740196078431381

20150731,Chicago Sky,(Favorite), 77  ,-5.5,-5.0,-240.0,0.4166666666666667,0.626984126984127,-0.11177248677248675
,Los Angeles Sparks,(Underdog), 88 ,5.0,5.5,200.0,2.0,0.373015873015873,0.11904761904761907

20150804,Chicago Sky,(Favorite), 106  ,-6.0,-5.5,-255.0,0.39215686274509803,0.6491841491841492,-0.09623383152794912
,Indiana Fever,(Underdog), 82 ,5.5,6.0,240.0,2.4,0.3508158508158508,0.19277389277389267

20150804,Minnesota Lynx,(Favorite), 61 ,-2.5,-2.0,-135.0,0.7407407407407407,0.5072751322751322,-0.11696551048402914
,Los Angeles Sparks,(Underdog), 83  ,2.0,2.5,125.0,1.25,0.4927248677248677,0.10863095238095233

20150808,San Antonio Stars,(Favorite), 88  ,-4.5,-4.0,-180.0,0.5555555555555556,0.6289439374185137,-0.0216427640156453
,Seattle Storm,(Underdog), 81 ,4.0,4.5,175.0,1.75,0.3710560625814863,0.020404172099087292

20150818,Los Angeles Sparks,(Favorite), 68  ,-5.0,-4.0,-195.0,0.5128205128205128,0.6424082453494218,-0.028151628830361985
,Indiana Fever,(Underdog), 79 ,4.0,5.0,220.0,2.2,0.35759175465057824,0.14429361488185044

20150821,Phoenix Mercury,(Favorite), 68  ,-5.5,-5.0,-210.0,0.47619047619047616,0.6395927601809954,-0.05583925878043533
,Los Angeles Sparks,(Underdog), 78 ,5.0,5.5,210.0,2.1,0.3604072398190045,0.11726244343891412

20150828,New York Liberty,(Favorite), 81  ,-3.5,-3.0,-150.0,0.6666666666666666,0.5905415339377603,-0.015764110103732798
,Minnesota Lynx,(Underdog), 68 ,3.0,3.5,150.0,1.5,0.4094584660622397,0.02364616515559914

20150828,Los Angeles Sparks,(Favorite), 66 ,-1.5,-1.5,-120.0,0.8333333333333334,0.6086956521739131,0.11594202898550732
,Tulsa Shock,(Underdog), 76  ,1.5,1.5,105.0,1.05,0.391304347826087,-0.19782608695652176

20150828,Seattle Storm,(Favorite), 83  ,-4.0,-3.5,-170.0,0.5882352941176471,0.5863636363636364,-0.06871657754010685
,San Antonio Stars,(Underdog), 69 ,3.5,4.0,160.0,1.6,0.41363636363636364,0.07545454545454544

20150829,Chicago Sky,(Favorite), 98 ,-2.5,-1.5,-125.0,0.8,0.5310896811481265,-0.044038573933372294
,Atlanta Dream,(Underdog), 96  ,1.5,2.5,130.0,1.3,0.4689103188518735,0.07849373335930909

20150830,Washington Mystics,(Favorite), 59 ,-4.5,-4.0,-190.0,0.5263157894736842,0.6243752839618355,-0.04700614553193533
,Seattle Storm,(Underdog), 69  ,4.0,4.5,175.0,1.75,0.3756247160381645,0.032967969104952366

20150918,New York Liberty,(Favorite), 83  ,-5.5,-5.0,-240.0,0.4166666666666667,0.6458333333333333,-0.08506944444444453
,Washington Mystics,(Underdog), 86 ,5.0,5.5,210.0,2.1,0.35416666666666663,0.09791666666666654

20150918,Minnesota Lynx,(Favorite), 67  ,-5.5,-5.0,-230.0,0.43478260869565216,0.6458333333333333,-0.07336956521739141
,Los Angeles Sparks,(Underdog), 65 ,5.0,5.5,220.0,2.2,0.35416666666666663,0.1333333333333333

20150919,Indiana Fever,(Favorite), 89  ,-3.5,-3.5,-165.0,0.6060606060606061,0.5679012345679012,-0.08791619902731018
,Chicago Sky,(Underdog), 82 ,3.5,3.5,150.0,1.5,0.43209876543209874,0.08024691358024683

20150919,Phoenix Mercury,(Favorite), 91 ,-4.0,-4.0,-175.0,0.5714285714285714,0.5921052631578947,-0.0695488721804512
,Tulsa Shock,(Underdog), 67  ,4.0,4.0,155.0,1.55,0.40789473684210525,0.04013157894736852

20150920,New York Liberty,(Favorite), 86 ,-2.0,-1.5,-125.0,0.8,0.6,0.07999999999999996
,Washington Mystics,(Underdog), 68  ,1.5,2.0,110.0,1.1,0.4,-0.15999999999999992

20150920,Los Angeles Sparks,(Favorite), 81  ,-3.0,-3.0,-155.0,0.6451612903225806,0.625,0.028225806451612878
,Minnesota Lynx,(Underdog), 71 ,3.0,3.0,135.0,1.35,0.375,-0.11874999999999991

20150923,New York Liberty,(Favorite), 84  ,-2.5,-1.5,-125.0,0.8,0.5472047078604456,-0.01503152585119788
,Indiana Fever,(Underdog), 67 ,1.5,2.5,120.0,1.2,0.45279529213955444,-0.003850357292980333

20150923,New York Liberty,(Favorite), 84  ,-2.5,-1.5,-125.0,0.8,0.5472047078604456,-0.01503152585119788
,Indiana Fever,(Underdog), 67 ,1.5,2.5,120.0,1.2,0.45279529213955444,-0.003850357292980333

20150927,New York Liberty,(Favorite), 64  ,-4.0,-3.5,-170.0,0.5882352941176471,0.5826519159852492,-0.07461166284695708
,Indiana Fever,(Underdog), 70 ,3.5,4.0,165.0,1.65,0.41734808401475065,0.10597242263908924

20150927,New York Liberty,(Favorite), 64  ,-4.0,-3.5,-170.0,0.5882352941176471,0.5826519159852492,-0.07461166284695708
,Indiana Fever,(Underdog), 70 ,3.5,4.0,165.0,1.65,0.41734808401475065,0.10597242263908924

20151004,Minnesota Lynx,(Favorite), 69  ,-6.5,-6.0,-270.0,0.37037037037037035,0.6815223542727786,-0.0660619589595256
,Indiana Fever,(Underdog), 75 ,6.0,6.5,260.0,2.6,0.31847764572722126,0.14651952461799655

20151006,Minnesota Lynx,(Favorite), 77  ,-6.0,-6.0,-260.0,0.38461538461538464,0.7017543859649122,-0.028340080971659964
,Indiana Fever,(Underdog), 71 ,6.0,6.0,250.0,2.5,0.2982456140350877,0.04385964912280704

20151011,Indiana Fever,(Favorite), 75  ,-3.0,-2.0,-135.0,0.7407407407407407,0.5505194851883808,-0.04168830356096681
,Minnesota Lynx,(Underdog), 69 ,2.0,3.0,130.0,1.3,0.4494805148116192,0.03380518406672417

20151014,Minnesota Lynx,(Favorite), 69  ,-5.5,-5.0,-230.0,0.43478260869565216,0.6488389798248952,-0.06905711590341118
,Indiana Fever,(Underdog), 52 ,5.0,5.5,205.0,2.05,0.3511610201751047,0.07104111153406933

20160514,Minnesota Lynx,(Favorite), 95  ,-4.0,-4.0,-180.0,0.5555555555555556,0.5974025974025974,-0.07070707070707072
,Phoenix Mercury,(Underdog), 76 ,4.0,4.0,165.0,1.65,0.4025974025974026,0.06688311688311688

20160515,Los Angeles Sparks,(Favorite), 96  ,-9.5,-9.0,-475.0,0.21052631578947367,0.8571428571428572,0.03759398496240607
,Seattle Storm,(Underdog), 66 ,9.0,9.5,425.0,4.25,0.14285714285714285,-0.2500000000000001

20160531,Minnesota Lynx,(Favorite), 79 ,-5.5,-5.5,-225.0,0.4444444444444444,0.631578947368421,-0.08771929824561409
,New York Liberty,(Underdog), 69  ,5.5,5.5,210.0,2.1,0.3684210526315789,0.14210526315789473

20160607,Minnesota Lynx,(Favorite), 89  ,-10.5,-10.0,-650.0,0.15384615384615385,0.8545454545454545,-0.01398601398601404
,Phoenix Mercury,(Underdog), 81 ,10.0,10.5,500.0,5.0,0.14545454545454545,-0.1272727272727272

20160607,Los Angeles Sparks,(Favorite), 100  ,-7.5,-7.5,-360.0,0.2777777777777778,0.7454545454545455,-0.04747474747474742
,New York Liberty,(Underdog), 77 ,7.5,7.5,300.0,3.0,0.2545454545454545,0.018181818181818077

20160707,Minnesota Lynx,(Favorite), 89 ,-11.5,-11.0,-750.0,0.13333333333333333,0.9130434782608696,0.03478260869565224
,Connecticut Sun,(Underdog), 93  ,11.0,11.5,600.0,6.0,0.08695652173913043,-0.39130434782608703

20161002,Minnesota Lynx,(Favorite), 82 ,-2.5,-1.5,-125.0,0.8,0.5448394669089808,-0.019288959563834585
,Phoenix Mercury,(Underdog), 67  ,1.5,2.5,125.0,1.25,0.4551605330910193,0.024111199454793453

20161002,Los Angeles Sparks,(Favorite), 66 ,-8.0,-8.0,-360.0,0.2777777777777778,0.8235294117647058,0.05228758169934636
,Chicago Sky,(Underdog), 70  ,8.0,8.0,300.0,3.0,0.17647058823529413,-0.2941176470588235

20161004,Los Angeles Sparks,(Favorite), 95 ,-8.0,-7.0,-300.0,0.3333333333333333,0.7379807692307692,-0.016025641025641135
,Chicago Sky,(Underdog), 75  ,7.0,8.0,300.0,3.0,0.2620192307692308,0.04807692307692313

20161009,Minnesota Lynx,(Favorite), 76  ,-6.5,-6.5,-300.0,0.3333333333333333,0.6571428571428571,-0.12380952380952381
,Los Angeles Sparks,(Underdog), 78 ,6.5,6.5,250.0,2.5,0.34285714285714286,0.20000000000000007

20161011,Minnesota Lynx,(Favorite), 79  ,-7.5,-7.0,-300.0,0.3333333333333333,0.7050480769230769,-0.059935897435897445
,Los Angeles Sparks,(Underdog), 60 ,7.0,7.5,290.0,2.9,0.2949519230769231,0.15031249999999996

20161014,Los Angeles Sparks,(Favorite), 92  ,-1.5,-1.0,-115.0,0.8695652173913043,0.4903225806451613,-0.08330995792426366
,Minnesota Lynx,(Underdog), 75 ,1.0,1.5,115.0,1.15,0.5096774193548387,0.09580645161290313

20161016,Los Angeles Sparks,(Favorite), 79  ,-1.5,0.0,-110.0,0.9090909090909091,0.4979166666666666,-0.049431818181818354
,Minnesota Lynx,(Underdog), 85 ,0.0,1.5,105.0,1.05,0.5020833333333333,0.029270833333333357

20161020,Minnesota Lynx,(Favorite), 76  ,-6.0,-5.5,-250.0,0.4,0.6573052774478194,-0.07977261157305282
,Los Angeles Sparks,(Underdog), 77 ,5.5,6.0,210.0,2.1,0.3426947225521806,0.062353639911759795

20170513,New York Liberty,(Favorite), 73  ,-13.0,-12.5,-900.0,0.1111111111111111,0.9226190476190477,0.025132275132275186
,San Antonio Stars,(Underdog), 64 ,12.5,13.0,650.0,6.5,0.07738095238095238,-0.4196428571428572

20170513,Los Angeles Sparks,(Favorite), 78  ,-8.0,-7.0,-320.0,0.3125,0.7410256410256411,-0.027403846153846112
,Seattle Storm,(Underdog), 68 ,7.0,8.0,300.0,3.0,0.258974358974359,0.03589743589743599

20170513,Connecticut Sun,(Favorite), 74  ,-5.5,-5.0,-220.0,0.45454545454545453,0.6407773952954676,-0.06796015229750163
,Atlanta Dream,(Underdog), 81 ,5.0,5.5,210.0,2.1,0.35922260470453243,0.11359007458405057

20170514,Washington Mystics,(Favorite), 89  ,-17.0,-15.5,-1600.0,0.0625,0.8522727272727273,-0.09446022727272725
,San Antonio Stars,(Underdog), 74 ,15.5,17.0,1100.0,11.0,0.14772727272727273,0.7727272727272727

20170514,Phoenix Mercury,(Favorite), 58  ,-8.5,-8.0,-425.0,0.23529411764705882,0.8184803001876173,0.011063900231762541
,Dallas Wings,(Underdog), 68 ,8.0,8.5,350.0,3.5,0.18151969981238275,-0.18316135084427765

20170514,Seattle Storm,(Favorite), 87  ,-6.0,-5.0,-210.0,0.47619047619047616,0.6499552872792309,-0.040542194968754386
,Indiana Fever,(Underdog), 82 ,5.0,6.0,210.0,2.1,0.3500447127207691,0.08513860943438423

20170514,Minnesota Lynx,(Favorite), 70  ,-16.5,-16.0,-2000.0,0.05,0.75,-0.2125
,Chicago Sky,(Underdog), 61 ,16.0,16.5,1100.0,11.0,0.25,2.0

20170517,Phoenix Mercury,(Favorite), 85  ,-3.0,-3.0,-150.0,0.6666666666666666,0.6119402985074627,0.019900497512437776
,Indiana Fever,(Underdog), 62 ,3.0,3.0,135.0,1.35,0.3880597014925373,-0.08805970149253728

20170518,Minnesota Lynx,(Favorite), 90 ,-5.0,-5.0,-210.0,0.47619047619047616,0.6470588235294118,-0.0448179271708683
,New York Liberty,(Underdog), 71  ,5.0,5.0,215.0,2.15,0.35294117647058826,0.11176470588235299

20170519,Phoenix Mercury,(Favorite), 78 ,-10.0,-9.5,-450.0,0.2222222222222222,0.8741289198606272,0.06837979094076663
,San Antonio Stars,(Underdog), 72  ,9.5,10.0,450.0,4.5,0.12587108013937282,-0.3077090592334496

20170519,Atlanta Dream,(Favorite), 91 ,-2.0,-1.0,-120.0,0.8333333333333334,0.520018115942029,-0.046633454106280225
,Chicago Sky,(Underdog), 83  ,1.0,2.0,105.0,1.05,0.47998188405797104,-0.01603713768115933

20170519,Los Angeles Sparks,(Favorite), 99  ,-5.5,-5.0,-220.0,0.45454545454545453,0.6410575858250277,-0.06755260243632338
,Washington Mystics,(Underdog), 89 ,5.0,5.5,210.0,2.1,0.3589424141749723,0.11272148394241421

20170520,Indiana Fever,(Favorite), 81  ,-7.0,-6.5,-270.0,0.37037037037037035,0.6547128927410617,-0.10280085068817471
,Connecticut Sun,(Underdog), 79 ,6.5,7.0,250.0,2.5,0.34528710725893824,0.20850487540628393

20170520,Minnesota Lynx,(Favorite), 89 ,-10.5,-10.5,-650.0,0.15384615384615385,0.9166666666666666,0.057692307692307654
,Dallas Wings,(Underdog), 87  ,10.5,10.5,475.0,4.75,0.08333333333333333,-0.5208333333333333

20170521,Atlanta Dream,(Favorite), 71  ,-6.5,-6.0,-260.0,0.38461538461538464,0.6644170579029733,-0.08003791982665226
,Chicago Sky,(Underdog), 75 ,6.0,6.5,240.0,2.4,0.3355829420970266,0.1409820031298905

20170521,Seattle Storm,(Favorite), 81  ,-2.0,-2.0,-125.0,0.8,0.575,0.03499999999999992
,Washington Mystics,(Underdog), 71 ,2.0,2.0,115.0,1.15,0.425,-0.08625

20170523,Minnesota Lynx,(Favorite), 80  ,-12.5,-12.5,-1000.0,0.1,0.9285714285714286,0.021428571428571463
,Connecticut Sun,(Underdog), 78 ,12.5,12.5,850.0,8.5,0.07142857142857142,-0.3214285714285715

20170523,New York Liberty,(Favorite), 69 ,-1.0,0.0,-110.0,0.9090909090909091,0.44565217391304346,-0.14920948616600793
,Phoenix Mercury,(Underdog), 67  ,0.0,1.0,-105.0,0.9523809523809523,0.5543478260869565,0.08229813664596275

20170524,Washington Mystics,(Favorite), 82 ,-5.5,-5.0,-210.0,0.47619047619047616,0.6430623973727422,-0.05071741340214253
,Chicago Sky,(Underdog), 67  ,5.0,5.5,200.0,2.0,0.3569376026272578,0.07081280788177347

20170524,Los Angeles Sparks,(Favorite), 90 ,-7.0,-6.5,-270.0,0.37037037037037035,0.6571581196581197,-0.09944998417220641
,Indiana Fever,(Underdog), 93  ,6.5,7.0,250.0,2.5,0.34284188034188035,0.19994658119658115

20170525,Dallas Wings,(Favorite), 94 ,-1.0,-1.0,-115.0,0.8695652173913043,0.40425531914893614,-0.24421831637372804
,San Antonio Stars,(Underdog), 82  ,1.0,1.0,100.0,1.0,0.5957446808510638,0.1914893617021276

20170526,Minnesota Lynx,(Favorite), 82 ,-7.0,-6.0,-300.0,0.3333333333333333,0.6573469148811615,-0.12353744682511802
,Connecticut Sun,(Underdog), 68  ,6.0,7.0,260.0,2.6,0.3426530851188385,0.23355110642781873

20170526,Washington Mystics,(Favorite), 88  ,-8.5,-8.5,-420.0,0.23809523809523808,0.8292682926829268,0.02671312427409983
,Chicago Sky,(Underdog), 79 ,8.5,8.5,360.0,3.6,0.17073170731707318,-0.21463414634146327

20170526,Seattle Storm,(Favorite), 87  ,-5.5,-4.5,-220.0,0.45454545454545453,0.6275452942119609,-0.08720684478260232
,New York Liberty,(Underdog), 81 ,4.5,5.5,210.0,2.1,0.37245470578803913,0.15460958794292134

20170527,Los Angeles Sparks,(Favorite), 73 ,-7.0,-6.5,-280.0,0.35714285714285715,0.655093555093555,-0.110944460944461
,Atlanta Dream,(Underdog), 75  ,6.5,7.0,275.0,2.75,0.34490644490644495,0.2933991683991686

20170527,Phoenix Mercury,(Favorite), 107  ,-7.0,-6.5,-290.0,0.3448275862068966,0.655093555093555,-0.11901211556383975
,Dallas Wings,(Underdog), 65 ,6.5,7.0,265.0,2.65,0.34490644490644495,0.25890852390852404

20170528,Chicago Sky,(Favorite), 79  ,-3.0,-2.0,-130.0,0.7692307692307693,0.5630413411977256,-0.003849934804023847
,Connecticut Sun,(Underdog), 97 ,2.0,3.0,125.0,1.25,0.43695865880227425,-0.016843017694882945

20170528,Seattle Storm,(Favorite), 94  ,-6.0,-6.0,-250.0,0.4,0.6666666666666666,-0.06666666666666671
,Indiana Fever,(Underdog), 70 ,6.0,6.0,220.0,2.2,0.3333333333333333,0.06666666666666665

20170528,Minnesota Lynx,(Favorite), 80  ,-14.5,-14.0,-1400.0,0.07142857142857142,0.9166666666666667,-0.01785714285714278
,San Antonio Stars,(Underdog), 66 ,14.0,14.5,900.0,9.0,0.08333333333333333,-0.16666666666666663

20170530,Los Angeles Sparks,(Favorite), 90 ,-3.0,-2.5,-140.0,0.7142857142857143,0.5518790849673203,-0.0539215686274509
,New York Liberty,(Underdog), 75  ,2.5,3.0,135.0,1.35,0.4481209150326797,0.053084150326797364

20170530,Dallas Wings,(Favorite), 89  ,-5.0,-4.5,-165.0,0.6060606060606061,0.6277569704535997,0.00821574042547829
,Indiana Fever,(Underdog), 62 ,4.5,5.0,175.0,1.75,0.3722430295464003,0.023668331252600927

20170531,Washington Mystics,(Favorite), 78  ,-7.5,-7.0,-320.0,0.3125,0.7095571095571096,-0.06870629370629366
,Connecticut Sun,(Underdog), 76 ,7.0,7.5,290.0,2.9,0.29044289044289046,0.1327272727272727

20170531,Atlanta Dream,(Favorite), 77  ,-7.5,-7.5,-335.0,0.29850746268656714,0.7575757575757576,-0.016282225237449155
,San Antonio Stars,(Underdog), 70 ,7.5,7.5,290.0,2.9,0.24242424242424243,-0.054545454545454564

20170601,Phoenix Mercury,(Favorite), 99 ,-5.5,-4.5,-225.0,0.4444444444444444,0.6304782349589146,-0.08930921617045667
,Chicago Sky,(Underdog), 91  ,4.5,5.5,230.0,2.3,0.36952176504108536,0.21942182463558157

20170602,New York Liberty,(Favorite), 93  ,-3.5,-3.0,-155.0,0.6451612903225806,0.5854192740926158,-0.03689087165408361
,Dallas Wings,(Underdog), 89 ,3.0,3.5,150.0,1.5,0.4145807259073842,0.03645181476846049

20170603,Indiana Fever,(Favorite), 91  ,-4.0,-4.0,-175.0,0.5714285714285714,0.6,-0.05714285714285722
,Dallas Wings,(Underdog), 85 ,4.0,4.0,165.0,1.65,0.4,0.06000000000000005

20170603,Connecticut Sun,(Favorite), 85 ,-5.0,-4.5,-200.0,0.5,0.6321138211382114,-0.05182926829268297
,San Antonio Stars,(Underdog), 77  ,4.5,5.0,190.0,1.9,0.36788617886178865,0.06686991869918701

20170603,Minnesota Lynx,(Favorite), 100 ,-3.0,-3.0,-155.0,0.6451612903225806,0.6231884057971014,0.025245441795231416
,Seattle Storm,(Underdog), 77  ,3.0,3.0,150.0,1.5,0.37681159420289856,-0.05797101449275355

20170604,Washington Mystics,(Favorite), 78  ,-6.0,-5.0,-220.0,0.45454545454545453,0.6575049759981266,-0.04362912582090672
,Atlanta Dream,(Underdog), 72 ,5.0,6.0,210.0,2.1,0.3424950240018733,0.06173457440580732

20170604,Phoenix Mercury,(Favorite), 72 ,-5.0,-4.5,-200.0,0.5,0.6339453229697132,-0.049082015545430235
,New York Liberty,(Underdog), 88  ,4.5,5.0,180.0,1.8,0.3660546770302868,0.024953095684803084

20170606,Washington Mystics,(Favorite), 101 ,-3.5,-3.0,-150.0,0.6666666666666666,0.5908814589665654,-0.01519756838905767
,Dallas Wings,(Underdog), 89  ,3.0,3.5,150.0,1.5,0.40911854103343465,0.022796352583586588

20170606,Seattle Storm,(Favorite), 85 ,-8.0,-8.0,-340.0,0.29411764705882354,0.7924528301886793,0.025527192008879096
,San Antonio Stars,(Underdog), 76  ,8.0,8.0,300.0,3.0,0.20754716981132076,-0.16981132075471694

20170606,Los Angeles Sparks,(Favorite), 79  ,-13.0,-12.5,-1100.0,0.09090909090909091,0.9258241758241759,0.00999000999001004
,Chicago Sky,(Underdog), 70 ,12.5,13.0,800.0,8.0,0.07417582417582418,-0.33241758241758246

20170607,New York Liberty,(Favorite), 76  ,-4.5,-3.5,-180.0,0.5555555555555556,0.5866171056158219,-0.08748450237538813
,Atlanta Dream,(Underdog), 61 ,3.5,4.5,175.0,1.75,0.41338289438417813,0.1368029595564899

20170607,Phoenix Mercury,(Favorite), 98 ,-5.0,-4.5,-200.0,0.5,0.6303022269353128,-0.05454665959703081
,Indiana Fever,(Underdog), 90  ,4.5,5.0,190.0,1.9,0.3696977730646872,0.07212354188759285

20170609,Minnesota Lynx,(Favorite), 98 ,-8.0,-7.5,-350.0,0.2857142857142857,0.7805010893246187,0.0035014005602240217
,Washington Mystics,(Underdog), 73  ,7.5,8.0,310.0,3.1,0.21949891067538124,-0.10005446623093683

20170609,Seattle Storm,(Favorite), 80 ,-6.0,-5.5,-240.0,0.4166666666666667,0.6532634971796938,-0.07454337899543378
,Indiana Fever,(Underdog), 83  ,5.5,6.0,220.0,2.2,0.3467365028203062,0.10955680902498

20170609,Los Angeles Sparks,(Favorite), 90 ,-7.5,-7.0,-330.0,0.30303030303030304,0.7131221719457013,-0.07078020019196501
,Dallas Wings,(Underdog), 96  ,7.0,7.5,280.0,2.8,0.2868778280542986,0.09013574660633472

20170610,Connecticut Sun,(Favorite), 104  ,-4.0,-3.5,-165.0,0.6060606060606061,0.5811451706188548,-0.06664563506668764
,Atlanta Dream,(Underdog), 71 ,3.5,4.0,160.0,1.6,0.41885482938114516,0.08902255639097745

20170610,San Antonio Stars,(Favorite), 81  ,-3.0,-2.0,-130.0,0.7692307692307693,0.5661273577538289,0.0016099406413896955
,Chicago Sky,(Underdog), 85 ,2.0,3.0,140.0,1.4,0.4338726422461711,0.041294341390810674

20170610,Phoenix Mercury,(Favorite), 87  ,-1.5,0.0,-110.0,0.9090909090909091,0.5075757575757576,-0.03099173553719009
,Los Angeles Sparks,(Underdog), 89 ,0.0,1.5,105.0,1.05,0.49242424242424243,0.009469696969697017

20170611,Washington Mystics,(Favorite), 88  ,-8.0,-8.0,-340.0,0.29411764705882354,0.7962962962962963,0.03050108932461873
,Indiana Fever,(Underdog), 70 ,8.0,8.0,300.0,3.0,0.2037037037037037,-0.18518518518518523

20170611,New York Liberty,(Favorite), 94  ,-3.0,-3.0,-155.0,0.6451612903225806,0.6338028169014085,0.042707860063607495
,Seattle Storm,(Underdog), 86 ,3.0,3.0,140.0,1.4,0.36619718309859156,-0.12112676056338034

20170611,Minnesota Lynx,(Favorite), 91 ,-10.5,-10.0,-550.0,0.18181818181818182,0.8737931034482759,0.032664576802507866
,Dallas Wings,(Underdog), 74  ,10.0,10.5,475.0,4.75,0.12620689655172415,-0.2743103448275862

20170613,Seattle Storm,(Favorite), 86  ,-9.0,-8.5,-430.0,0.23255813953488372,0.7666666666666666,-0.055038759689922556
,Atlanta Dream,(Underdog), 91 ,8.5,9.0,375.0,3.75,0.23333333333333334,0.10833333333333339

20170613,Los Angeles Sparks,(Favorite), 97  ,-12.0,-11.0,-700.0,0.14285714285714285,0.8703007518796992,-0.005370569280343726
,Dallas Wings,(Underdog), 87 ,11.0,12.0,575.0,5.75,0.12969924812030076,-0.12453007518796988

20170614,Connecticut Sun,(Favorite), 96  ,-2.0,-2.0,-125.0,0.8,0.5714285714285714,0.028571428571428525
,New York Liberty,(Underdog), 76 ,2.0,2.0,120.0,1.2,0.42857142857142855,-0.05714285714285716

20170615,Indiana Fever,(Favorite), 85  ,-4.5,-4.0,-175.0,0.5714285714285714,0.6034026214749106,-0.05179588053942613
,Atlanta Dream,(Underdog), 74 ,4.0,4.5,170.0,1.7,0.39659737852508936,0.07081292201774125

20170615,Los Angeles Sparks,(Favorite), 80  ,-14.5,-13.5,-110.0,0.9090909090909091,0.8968253968253969,0.7121212121212122
,San Antonio Stars,(Underdog), 75 ,13.5,14.5,900.0,9.0,0.10317460317460318,0.031746031746031744

20170616,New York Liberty,(Favorite), 102 ,-1.5,-1.0,-120.0,0.8333333333333334,0.5024509803921569,-0.07883986928104575
,Dallas Wings,(Underdog), 93  ,1.0,1.5,105.0,1.05,0.49754901960784315,0.01997549019607847

20170616,Phoenix Mercury,(Favorite), 86  ,-9.5,-9.0,-450.0,0.2222222222222222,0.8048780487804879,-0.016260162601625966
,Chicago Sky,(Underdog), 78 ,9.0,9.5,400.0,4.0,0.1951219512195122,-0.024390243902439046

20170617,Minnesota Lynx,(Favorite), 93  ,-10.0,-9.5,-500.0,0.2,0.8809523809523809,0.057142857142857134
,Connecticut Sun,(Underdog), 98 ,9.5,10.0,500.0,5.0,0.11904761904761904,-0.2857142857142857

20170618,Washington Mystics,(Favorite), 83  ,-8.5,-7.5,-360.0,0.2777777777777778,0.7955908289241623,0.016588281403096317
,Dallas Wings,(Underdog), 87 ,7.5,8.5,320.0,3.2,0.20440917107583775,-0.14148148148148132

20170618,Los Angeles Sparks,(Favorite), 90  ,-8.0,-7.0,-340.0,0.29411764705882354,0.7383258716592049,-0.04451946020573477
,Phoenix Mercury,(Underdog), 59 ,7.0,8.0,305.0,3.05,0.261674128340795,0.059780219780219745

20170618,Indiana Fever,(Favorite), 91 ,-2.0,-1.0,-115.0,0.8695652173913043,0.532734023842095,-0.004018998903909332
,Chicago Sky,(Underdog), 79  ,1.0,2.0,105.0,1.05,0.467265976157905,-0.04210474887629473

20170618,Seattle Storm,(Favorite), 75  ,-10.5,-10.0,-500.0,0.2,0.8766666666666667,0.052000000000000046
,San Antonio Stars,(Underdog), 57 ,10.0,10.5,475.0,4.75,0.12333333333333332,-0.2908333333333334

20170621,Dallas Wings,(Favorite), 81  ,-7.5,-6.5,-300.0,0.3333333333333333,0.6889462279751383,-0.0814050293664823
,San Antonio Stars,(Underdog), 78 ,6.5,7.5,280.0,2.8,0.31105377202486173,0.18200433369447455

20170623,Atlanta Dream,(Favorite), 78  ,-3.5,-3.0,-160.0,0.625,0.6006944444444444,-0.02387152777777779
,Chicago Sky,(Underdog), 82 ,3.0,3.5,150.0,1.5,0.3993055555555556,-0.0017361111111110494

20170623,New York Liberty,(Favorite), 89  ,-4.5,-4.0,-185.0,0.5405405405405406,0.605552645364065,-0.06712160038508913
,Connecticut Sun,(Underdog), 94 ,4.0,4.5,175.0,1.75,0.39444735463593505,0.08473022524882134

20170623,Minnesota Lynx,(Favorite), 93  ,-10.0,-9.5,-480.0,0.20833333333333334,0.8728432108027007,0.054685546386596645
,Washington Mystics,(Underdog), 76 ,9.5,10.0,425.0,4.25,0.12715678919729934,-0.3324268567141785

20170623,Dallas Wings,(Favorite), 81 ,-3.0,-2.5,-145.0,0.6896551724137931,0.5626876876876876,-0.0492518380449416
,San Antonio Stars,(Underdog), 69  ,2.5,3.0,135.0,1.35,0.43731231231231227,0.02768393393393387

20170623,Seattle Storm,(Favorite), 82  ,-5.0,-5.0,-200.0,0.5,0.6630434782608695,-0.005434782608695732
,Phoenix Mercury,(Underdog), 85 ,5.0,5.0,180.0,1.8,0.33695652173913043,-0.05652173913043479

20170624,Los Angeles Sparks,(Favorite), 84 ,-6.0,-5.5,-230.0,0.43478260869565216,0.6509803921568627,-0.06598465473145793
,Indiana Fever,(Underdog), 73  ,5.5,6.0,220.0,2.2,0.34901960784313724,0.11686274509803918

20170625,Connecticut Sun,(Favorite), 82 ,-5.0,-4.5,-185.0,0.5405405405405406,0.6255760368663594,-0.0362747540166895
,Dallas Wings,(Underdog), 96  ,4.5,5.0,190.0,1.9,0.37442396313364057,0.0858294930875576

20170625,Washington Mystics,(Favorite), 97 ,-6.0,-5.5,-240.0,0.4166666666666667,0.6531733746130031,-0.07467105263157897
,Chicago Sky,(Underdog), 63  ,5.5,6.0,210.0,2.1,0.34682662538699693,0.07516253869969047

20170625,Minnesota Lynx,(Favorite), 87  ,-18.5,-18.0,-2400.0,0.041666666666666664,0.75,-0.21875
,San Antonio Stars,(Underdog), 78 ,18.0,18.5,1500.0,15.0,0.25,3.0

20170627,Washington Mystics,(Favorite), 100  ,-5.5,-5.0,-225.0,0.4444444444444444,0.644235526966848,-0.06943757215899726
,Seattle Storm,(Underdog), 70 ,5.0,5.5,210.0,2.1,0.3557644730331519,0.10286986640277096

20170627,Los Angeles Sparks,(Favorite), 87 ,-3.0,-2.5,-140.0,0.7142857142857143,0.5617351598173516,-0.03702544031311161
,Connecticut Sun,(Underdog), 79  ,2.5,3.0,130.0,1.3,0.43826484018264844,0.00800913242009138

20170628,Indiana Fever,(Favorite), 82 ,-3.0,-3.0,-150.0,0.6666666666666666,0.6301369863013698,0.05022831050228305
,Chicago Sky,(Underdog), 75  ,3.0,3.0,140.0,1.4,0.3698630136986301,-0.11232876712328776

20170629,Washington Mystics,(Favorite), 67  ,-7.5,-7.0,-300.0,0.3333333333333333,0.7136150234741784,-0.04851330203442883
,New York Liberty,(Underdog), 54 ,7.0,7.5,290.0,2.9,0.28638497652582157,0.11690140845070407

20170629,Connecticut Sun,(Favorite), 96  ,-7.0,-6.5,-290.0,0.3448275862068966,0.6557017543859649,-0.11819419237749546
,Seattle Storm,(Underdog), 89 ,6.5,7.0,250.0,2.5,0.3442982456140351,0.20504385964912286

20170630,Los Angeles Sparks,(Favorite), 85 ,-7.5,-7.5,-330.0,0.30303030303030304,0.7605633802816901,-0.008962868117797701
,Atlanta Dream,(Underdog), 76  ,7.5,7.5,320.0,3.2,0.23943661971830985,0.005633802816901401

20170630,Chicago Sky,(Favorite), 82 ,-2.5,-2.0,-130.0,0.7692307692307693,0.5439444276653579,-0.037636781822828314
,San Antonio Stars,(Underdog), 89  ,2.0,2.5,120.0,1.2,0.4560555723346421,0.0033222591362126463

20170630,Minnesota Lynx,(Favorite), 91 ,-7.5,-7.0,-330.0,0.30303030303030304,0.7161025856632331,-0.06689663080245378
,Phoenix Mercury,(Underdog), 83  ,7.0,7.5,290.0,2.9,0.28389741433676685,0.10719991591339073

20170701,Connecticut Sun,(Favorite), 91 ,-4.0,-3.0,-160.0,0.625,0.6004442128250943,-0.024278154159221743
,Indiana Fever,(Underdog), 85  ,3.0,4.0,160.0,1.6,0.39955578717490564,0.038845046654754634

20170701,Dallas Wings,(Favorite), 69  ,-4.5,-4.0,-180.0,0.5555555555555556,0.6043478260869566,-0.059903381642511966
,Seattle Storm,(Underdog), 89 ,4.0,4.5,180.0,1.8,0.3956521739130435,0.10782608695652185

20170702,Los Angeles Sparks,(Favorite), 76  ,-7.0,-6.0,-280.0,0.35714285714285715,0.6656246230549636,-0.09665229728254937
,Washington Mystics,(Underdog), 69 ,6.0,7.0,250.0,2.5,0.3343753769450364,0.17031381930762735

20170702,New York Liberty,(Favorite), 72 ,-5.0,-4.5,-190.0,0.5263157894736842,0.624468085106383,-0.046864501679731274
,Atlanta Dream,(Underdog), 81  ,4.5,5.0,185.0,1.85,0.37553191489361704,0.07026595744680864

20170705,Dallas Wings,(Favorite), 94  ,-4.5,-4.5,-180.0,0.5555555555555556,0.5930232558139535,-0.07751937984496116
,Atlanta Dream,(Underdog), 84 ,4.5,4.5,175.0,1.75,0.4069767441860465,0.11918604651162801

20170705,Connecticut Sun,(Favorite), 89 ,-8.0,-8.0,-360.0,0.2777777777777778,0.7818181818181819,-0.001010101010100961
,San Antonio Stars,(Underdog), 56  ,8.0,8.0,310.0,3.1,0.21818181818181817,-0.10545454545454547

20170705,Phoenix Mercury,(Favorite), 88  ,-1.0,-1.0,-110.0,0.9090909090909091,0.44,-0.1600000000000001
,Washington Mystics,(Underdog), 80 ,1.0,1.0,105.0,1.05,0.56,0.14800000000000013

20170706,Minnesota Lynx,(Favorite), 88  ,-6.5,-6.5,-270.0,0.37037037037037035,0.6538461538461539,-0.10398860398860399
,Los Angeles Sparks,(Underdog), 77 ,6.5,6.5,245.0,2.45,0.34615384615384615,0.19423076923076932

20170706,Seattle Storm,(Favorite), 70  ,-4.5,-3.5,-180.0,0.5555555555555556,0.5892070971317063,-0.08345562668401246
,New York Liberty,(Underdog), 79 ,3.5,4.5,165.0,1.65,0.41079290286829373,0.08860119260097832

20170707,Indiana Fever,(Favorite), 68 ,-2.0,-1.5,-125.0,0.8,0.5848153214774282,0.05266757865937077
,Atlanta Dream,(Underdog), 89  ,1.5,2.0,110.0,1.1,0.4151846785225718,-0.1281121751025992

20170707,Phoenix Mercury,(Favorite), 92 ,-11.5,-10.5,-600.0,0.16666666666666666,0.9158620689655171,0.06850574712643664
,San Antonio Stars,(Underdog), 77  ,10.5,11.5,500.0,5.0,0.08413793103448276,-0.49517241379310345

20170708,Connecticut Sun,(Favorite), 96  ,-4.5,-3.0,-155.0,0.6451612903225806,0.5963542085075252,-0.018901140842458586
,Washington Mystics,(Underdog), 92 ,3.0,4.5,160.0,1.6,0.40364579149247476,0.049479057880434385

20170708,Minnesota Lynx,(Favorite), 76 ,-14.0,-14.0,-1500.0,0.06666666666666667,1.0,0.06666666666666667
,Chicago Sky,(Underdog), 100  ,14.0,14.0,850.0,8.5,0.0,-1.0

20170708,Los Angeles Sparks,(Favorite), 69 ,-6.0,-5.5,-260.0,0.38461538461538464,0.6552937576499388,-0.09267018171546931
,Seattle Storm,(Underdog), 81  ,5.5,6.0,240.0,2.4,0.3447062423500612,0.172001223990208

20170709,Atlanta Dream,(Favorite), 98  ,-3.5,-3.0,-150.0,0.6666666666666666,0.5981798124655267,-0.0030336458907889163
,Dallas Wings,(Underdog), 78 ,3.0,3.5,140.0,1.4,0.40182018753447324,-0.03563154991726425

20170709,Phoenix Mercury,(Favorite), 81  ,-5.5,-4.5,-200.0,0.5,0.6262737425613435,-0.06058938615798476
,New York Liberty,(Underdog), 69 ,4.5,5.5,190.0,1.9,0.37372625743865656,0.08380614657210406

20170712,Indiana Fever,(Favorite), 72  ,-9.0,-8.0,-360.0,0.2777777777777778,0.7343205574912892,-0.061701509872241544
,San Antonio Stars,(Underdog), 79 ,8.0,9.0,400.0,4.0,0.2656794425087108,0.3283972125435539

20170712,Dallas Wings,(Favorite), 84 ,-3.5,-3.0,-165.0,0.6060606060606061,0.6006122448979592,-0.035380333951762544
,Chicago Sky,(Underdog), 90  ,3.0,3.5,145.0,1.45,0.39938775510204083,-0.021499999999999964

20170712,Connecticut Sun,(Favorite), 83 ,-4.0,-3.0,-145.0,0.6896551724137931,0.6011250091434422,0.01569398096650587
,Seattle Storm,(Underdog), 79  ,3.0,4.0,160.0,1.6,0.3988749908565577,0.03707497622705003

20170712,Phoenix Mercury,(Favorite), 89  ,-7.5,-7.0,-310.0,0.3225806451612903,0.7201797385620915,-0.047504216740459626
,Atlanta Dream,(Underdog), 84 ,7.0,7.5,280.0,2.8,0.2798202614379085,0.06331699346405228

20170713,Los Angeles Sparks,(Favorite), 87  ,-7.0,-6.5,-300.0,0.3333333333333333,0.6696936341955604,-0.1070751544059195
,Connecticut Sun,(Underdog), 77 ,6.5,7.0,265.0,2.65,0.3303063658044395,0.20561823518620415

20170714,Minnesota Lynx,(Favorite), 88 ,-7.0,-6.0,-280.0,0.35714285714285715,0.6715706839562675,-0.08858264320220838
,Phoenix Mercury,(Underdog), 71  ,6.0,7.0,260.0,2.6,0.32842931604373254,0.18234553775743723

20170715,Seattle Storm,(Favorite), 90  ,-7.5,-6.5,-280.0,0.35714285714285715,0.7022039645279081,-0.04700890528355328
,Atlanta Dream,(Underdog), 84 ,6.5,7.5,250.0,2.5,0.2977960354720918,0.04228612415232147

20170716,Connecticut Sun,(Favorite), 89  ,-15.0,-14.0,-1450.0,0.06896551724137931,0.8397435897435898,-0.10234305923961096
,San Antonio Stars,(Underdog), 75 ,14.0,15.0,1000.0,10.0,0.16025641025641027,0.7628205128205129

20170716,New York Liberty,(Favorite), 85  ,-7.0,-6.0,-260.0,0.38461538461538464,0.6726135589747299,-0.0686889183426817
,Washington Mystics,(Underdog), 55 ,6.0,7.0,240.0,2.4,0.3273864410252702,0.11311389948591877

20170716,Dallas Wings,(Favorite), 112  ,-6.0,-5.0,-200.0,0.5,0.6507242366125635,-0.023913645081154733
,Chicago Sky,(Underdog), 106 ,5.0,6.0,210.0,2.1,0.34927576338743654,0.08275486650105335

20170716,Minnesota Lynx,(Favorite), 81  ,-16.0,-15.5,-110.0,0.9090909090909091,0.9545454545454546,0.8223140495867769
,Phoenix Mercury,(Underdog), 66 ,15.5,16.0,1100.0,11.0,0.045454545454545456,-0.4545454545454546

20170717,Los Angeles Sparks,(Favorite), 80  ,-14.5,-13.5,-1000.0,0.1,0.8809523809523809,-0.030952380952380967
,Indiana Fever,(Underdog), 62 ,13.5,14.5,800.0,8.0,0.11904761904761903,0.07142857142857129

20170718,Atlanta Dream,(Favorite), 88  ,-9.5,-9.5,-500.0,0.2,0.9069767441860465,0.08837209302325577
,San Antonio Stars,(Underdog), 75 ,9.5,9.5,425.0,4.25,0.09302325581395349,-0.5116279069767442

20170718,Seattle Storm,(Favorite), 83  ,-6.5,-6.0,-260.0,0.38461538461538464,0.6730281913208742,-0.06811481201725106
,Chicago Sky,(Underdog), 94 ,6.0,6.5,240.0,2.4,0.3269718086791258,0.11170414950902763

20170719,Connecticut Sun,(Favorite), 80 ,-3.0,-2.5,-140.0,0.7142857142857143,0.5690362269309637,-0.02450932526120514
,New York Liberty,(Underdog), 96  ,2.5,3.0,135.0,1.35,0.4309637730690362,0.01276486671223509

20170719,Washington Mystics,(Favorite), 100  ,-3.5,-3.0,-155.0,0.6451612903225806,0.5986177565124933,-0.015177239285898203
,Atlanta Dream,(Underdog), 96 ,3.0,3.5,150.0,1.5,0.4013822434875066,0.0034556087187666007

20170719,Minnesota Lynx,(Favorite), 100  ,-14.0,-13.0,-1100.0,0.09090909090909091,0.9285714285714285,0.012987012987012908
,Dallas Wings,(Underdog), 74 ,13.0,14.0,800.0,8.0,0.07142857142857142,-0.3571428571428572

20170719,Phoenix Mercury,(Favorite), 77  ,-6.5,-6.5,-300.0,0.3333333333333333,0.6707317073170732,-0.10569105691056907
,Indiana Fever,(Underdog), 84 ,6.5,6.5,265.0,2.65,0.32926829268292684,0.201829268292683

20170720,Los Angeles Sparks,(Favorite), 80  ,-12.0,-11.5,-800.0,0.125,0.8085299455535391,-0.09040381125226854
,Chicago Sky,(Underdog), 82 ,11.5,12.0,600.0,6.0,0.19147005444646098,0.3402903811252269

20170720,Indiana Fever,(Favorite), 61 ,-5.5,-5.0,-200.0,0.5,0.6426499032882012,-0.03602514506769827
,San Antonio Stars,(Underdog), 85  ,5.0,5.5,200.0,2.0,0.35735009671179885,0.07205029013539654

20170725,Washington Mystics,(Favorite), 85 ,-7.5,-6.5,-280.0,0.35714285714285715,0.7008652764422321,-0.04882569625697075
,San Antonio Stars,(Underdog), 76  ,6.5,7.5,250.0,2.5,0.2991347235577679,0.04697153245218766

20170725,Atlanta Dream,(Favorite), 99  ,-6.0,-6.0,-260.0,0.38461538461538464,0.6666666666666666,-0.07692307692307698
,Phoenix Mercury,(Underdog), 91 ,6.0,6.0,220.0,2.2,0.3333333333333333,0.06666666666666665

20170725,Connecticut Sun,(Favorite), 93  ,-7.0,-6.5,-275.0,0.36363636363636365,0.6693534702189038,-0.087245267883313
,Chicago Sky,(Underdog), 72 ,6.5,7.0,250.0,2.5,0.3306465297810962,0.15726285423383668

20170725,Dallas Wings,(Favorite), 84  ,-7.5,-6.5,-285.0,0.3508771929824561,0.7132697456492637,-0.036460168158012174
,Indiana Fever,(Underdog), 82 ,6.5,7.5,280.0,2.8,0.2867302543507363,0.08957496653279784

20170725,Minnesota Lynx,(Favorite), 76  ,-12.5,-11.0,-725.0,0.13793103448275862,0.8765394088669951,-0.0025586037030745357
,New York Liberty,(Underdog), 75 ,11.0,12.5,700.0,7.0,0.12346059113300492,-0.012315270935960632

20170725,Los Angeles Sparks,(Favorite), 68  ,-10.0,-9.0,-500.0,0.2,0.8119225794530672,-0.02569290465631932
,Seattle Storm,(Underdog), 60 ,9.0,10.0,450.0,4.5,0.18807742054693274,0.03442581300813008

20170728,New York Liberty,(Favorite), 85 ,-6.0,-6.0,-260.0,0.38461538461538464,0.6708860759493671,-0.07108081791626092
,Indiana Fever,(Underdog), 84  ,6.0,6.0,230.0,2.3,0.3291139240506329,0.08607594936708851

20170728,Minnesota Lynx,(Favorite), 90 ,-8.0,-7.5,-365.0,0.273972602739726,0.7679093567251462,-0.021704518144676832
,Atlanta Dream,(Underdog), 80  ,7.5,8.0,320.0,3.2,0.2320906432748538,-0.025219298245614086

20170728,Los Angeles Sparks,(Favorite), 85 ,-11.5,-11.0,-800.0,0.125,0.9166666666666667,0.03125000000000008
,San Antonio Stars,(Underdog), 73  ,11.0,11.5,600.0,6.0,0.08333333333333333,-0.41666666666666663

20170728,Chicago Sky,(Favorite), 80  ,-5.0,-5.0,-210.0,0.47619047619047616,0.648936170212766,-0.04204660587639314
,Phoenix Mercury,(Underdog), 86 ,5.0,5.0,190.0,1.9,0.35106382978723405,0.018085106382978666

20170728,Seattle Storm,(Favorite), 109  ,-6.5,-6.0,-255.0,0.39215686274509803,0.6667683391795028,-0.07175388075010386
,Dallas Wings,(Underdog), 93 ,6.0,6.5,230.0,2.3,0.33323166082049716,0.09966448070764056

20170730,Connecticut Sun,(Favorite), 89  ,-14.0,-13.0,-900.0,0.1111111111111111,0.9285714285714285,0.03174603174603165
,Indiana Fever,(Underdog), 73 ,13.0,14.0,750.0,7.5,0.07142857142857142,-0.3928571428571429

20170730,Washington Mystics,(Favorite), 77 ,-2.5,-2.0,-135.0,0.7407407407407407,0.5406976744186047,-0.058785529715762175
,Atlanta Dream,(Underdog), 70  ,2.0,2.5,120.0,1.2,0.4593023255813954,0.010465116279069875

20170730,Los Angeles Sparks,(Favorite), 95  ,-12.0,-12.0,-750.0,0.13333333333333333,0.75,-0.15
,Dallas Wings,(Underdog), 74 ,12.0,12.0,650.0,6.5,0.25,0.875

20170730,Phoenix Mercury,(Favorite), 81  ,-9.5,-9.0,-380.0,0.2631578947368421,0.7970189701897019,0.006760804450149788
,San Antonio Stars,(Underdog), 64 ,9.0,9.5,375.0,3.75,0.2029810298102981,-0.03584010840108398

20170730,New York Liberty,(Favorite), 86 ,-4.0,-3.0,-150.0,0.6666666666666666,0.6013902465515368,0.0023170775858947223
,Chicago Sky,(Underdog), 82  ,3.0,4.0,145.0,1.45,0.39860975344846317,-0.02340610405126531

20170730,Minnesota Lynx,(Favorite), 93  ,-12.0,-11.0,-750.0,0.13333333333333333,0.8611111111111112,-0.024074074074074026
,Seattle Storm,(Underdog), 82 ,11.0,12.0,600.0,6.0,0.13888888888888887,-0.0277777777777779

20170801,New York Liberty,(Favorite), 81 ,-9.0,-8.0,-400.0,0.25,0.7640219853850926,-0.04497251826863427
,San Antonio Stars,(Underdog), 93  ,8.0,9.0,365.0,3.65,0.23597801461490744,0.09729776795931955

20170803,Minnesota Lynx,(Favorite), 69  ,-12.0,-11.5,-800.0,0.125,0.803030303030303,-0.09659090909090914
,Atlanta Dream,(Underdog), 54 ,11.5,12.0,650.0,6.5,0.19696969696969696,0.4772727272727273

20170804,Connecticut Sun,(Favorite), 93  ,-9.0,-8.0,-360.0,0.2777777777777778,0.7576794906705048,-0.03185398414324389
,Phoenix Mercury,(Underdog), 92 ,8.0,9.0,330.0,3.3,0.2423205093294952,0.04197819011682935

20170804,Indiana Fever,(Favorite), 70  ,-2.0,-1.0,-120.0,0.8333333333333334,0.5377726848315083,-0.01408341114223477
,Chicago Sky,(Underdog), 81 ,1.0,2.0,110.0,1.1,0.4622273151684917,-0.029322638146167423

20170804,Seattle Storm,(Favorite), 80 ,-1.0,1.0,-110.0,0.9090909090909091,0.5,-0.04545454545454547
,Dallas Wings,(Underdog), 93  ,-1.0,1.0,100.0,1.0,0.5,0.0

20170804,Washington Mystics,(Favorite), 74 ,-5.0,-4.5,-200.0,0.5,0.622188995215311,-0.06671650717703348
,San Antonio Stars,(Underdog), 76  ,4.5,5.0,200.0,2.0,0.377811004784689,0.13343301435406696

20170804,Los Angeles Sparks,(Favorite), 87  ,-9.0,-8.5,-400.0,0.25,0.7505543237250555,-0.061807095343680646
,New York Liberty,(Underdog), 74 ,8.5,9.0,340.0,3.4,0.24944567627494457,0.09756097560975618

20170805,Atlanta Dream,(Favorite), 86 ,-2.0,-1.5,-120.0,0.8333333333333334,0.5732323232323233,0.0509259259259261
,Chicago Sky,(Underdog), 91  ,1.5,2.0,115.0,1.15,0.4267676767676768,-0.08244949494949494

20170805,Seattle Storm,(Favorite), 80 ,-7.5,-7.0,-300.0,0.3333333333333333,0.7281562384302109,-0.02912501542638543
,San Antonio Stars,(Underdog), 87  ,7.0,7.5,280.0,2.8,0.27184376156978896,0.03300629396519794

20170806,Washington Mystics,(Favorite), 85  ,-3.5,-2.5,-145.0,0.6896551724137931,0.5349999999999999,-0.09603448275862081
,Phoenix Mercury,(Underdog), 80 ,2.5,3.5,150.0,1.5,0.46499999999999997,0.16249999999999998

20170806,Los Angeles Sparks,(Favorite), 79 ,-6.5,-6.0,-270.0,0.37037037037037035,0.6708314740443255,-0.08071242445777616
,Dallas Wings,(Underdog), 85  ,6.0,6.5,230.0,2.3,0.32916852595567453,0.08625613565372581

20170806,Minnesota Lynx,(Favorite), 82 ,-13.0,-12.5,-1000.0,0.1,0.930952380952381,0.02404761904761908
,Indiana Fever,(Underdog), 84  ,12.5,13.0,700.0,7.0,0.06904761904761905,-0.4476190476190476

20170808,Minnesota Lynx,(Favorite), 81 ,-7.0,-6.5,-300.0,0.3333333333333333,0.671975546975547,-0.10403260403260406
,Atlanta Dream,(Underdog), 72  ,6.5,7.0,270.0,2.7,0.32802445302445304,0.21369047619047632

20170808,Connecticut Sun,(Favorite), 84  ,-6.5,-6.0,-240.0,0.4166666666666667,0.6668871252204586,-0.05524323927101704
,Seattle Storm,(Underdog), 71 ,6.0,6.5,250.0,2.5,0.33311287477954143,0.16589506172839508

20170808,New York Liberty,(Favorite), 81  ,-9.0,-9.0,-445.0,0.2247191011235955,0.6904761904761905,-0.1543606206527555
,Indiana Fever,(Underdog), 76 ,9.0,9.0,400.0,4.0,0.30952380952380953,0.5476190476190477

20170810,Dallas Wings,(Favorite), 100  ,-2.5,-2.0,-135.0,0.7407407407407407,0.5454545454545454,-0.05050505050505061
,Phoenix Mercury,(Underdog), 101 ,2.0,2.5,125.0,1.25,0.4545454545454546,0.022727272727272818

20170810,Chicago Sky,(Favorite), 94  ,-7.5,-6.5,-285.0,0.3508771929824561,0.7050728419221569,-0.047533178456033665
,San Antonio Stars,(Underdog), 74 ,6.5,7.5,270.0,2.7,0.29492715807784303,0.09123048488801921

20170811,Atlanta Dream,(Favorite), 77  ,-3.0,-2.0,-130.0,0.7692307692307693,0.5736478711162256,0.014915464282553026
,New York Liberty,(Underdog), 83 ,2.0,3.0,135.0,1.35,0.42635212888377455,0.0019275028768702684

20170811,Minnesota Lynx,(Favorite), 64  ,-6.0,-5.5,-240.0,0.4166666666666667,0.6525745257452575,-0.07551942186088512
,Los Angeles Sparks,(Underdog), 70 ,5.5,6.0,220.0,2.2,0.3474254742547426,0.11176151761517628

20170812,Connecticut Sun,(Favorite), 96  ,-9.5,-9.0,-475.0,0.21052631578947367,0.8043927648578811,-0.026261389908880745
,Dallas Wings,(Underdog), 88 ,9.0,9.5,425.0,4.25,0.19560723514211886,0.026937984496124057

20170812,Washington Mystics,(Favorite), 100  ,-8.5,-8.0,-360.0,0.2777777777777778,0.7970219435736677,0.018416927899686547
,Indiana Fever,(Underdog), 80 ,8.0,8.5,320.0,3.2,0.2029780564263323,-0.14749216300940438

20170812,Atlanta Dream,(Favorite), 68 ,-3.0,-3.0,-160.0,0.625,0.6363636363636364,0.03409090909090906
,San Antonio Stars,(Underdog), 84  ,3.0,3.0,145.0,1.45,0.36363636363636365,-0.10909090909090913

20170812,Phoenix Mercury,(Favorite), 89  ,-5.5,-4.5,-210.0,0.47619047619047616,0.6176651655066795,-0.08820856520442555
,Seattle Storm,(Underdog), 98 ,4.5,5.5,205.0,2.05,0.38233483449332056,0.16612124520462768

20170813,Los Angeles Sparks,(Favorite), 69 ,-3.0,-2.5,-140.0,0.7142857142857143,0.5578525641025641,-0.04368131868131864
,New York Liberty,(Underdog), 83  ,2.5,3.0,130.0,1.3,0.4421474358974359,0.01693910256410258

20170815,Connecticut Sun,(Favorite), 96 ,-5.0,-4.5,-180.0,0.5555555555555556,0.6154611423220974,-0.042616000832293
,Atlanta Dream,(Underdog), 75  ,4.5,5.0,175.0,1.75,0.38453885767790263,0.05748185861423227

20170816,Los Angeles Sparks,(Favorite), 95 ,-6.5,-5.5,-230.0,0.43478260869565216,0.6523783246882243,-0.0639789254473303
,Washington Mystics,(Underdog), 62  ,5.5,6.5,230.0,2.3,0.34762167531177574,0.14715152852885993

20170816,Minnesota Lynx,(Favorite), 61 ,-7.0,-6.5,-280.0,0.35714285714285715,0.676078431372549,-0.08246498599439783
,Seattle Storm,(Underdog), 62  ,6.5,7.0,280.0,2.8,0.323921568627451,0.2309019607843137

20170818,Phoenix Mercury,(Favorite), 89 ,-4.0,-3.0,-165.0,0.6060606060606061,0.601537697194037,-0.033894001476243496
,Washington Mystics,(Underdog), 79  ,3.0,4.0,165.0,1.65,0.398462302805963,0.055925102435801954

20170818,Connecticut Sun,(Favorite), 70  ,-6.5,-6.0,-260.0,0.38461538461538464,0.6689548893247408,-0.07375476862728197
,New York Liberty,(Underdog), 82 ,6.0,6.5,240.0,2.4,0.3310451106752592,0.12555337629588126

20170818,Minnesota Lynx,(Favorite), 111  ,-15.5,-15.0,-2000.0,0.05,0.8545454545454545,-0.10272727272727278
,Indiana Fever,(Underdog), 52 ,15.0,15.5,1200.0,12.0,0.14545454545454545,0.8909090909090909

20170818,Los Angeles Sparks,(Favorite), 115 ,-7.5,-7.0,-320.0,0.3125,0.7302283105022831,-0.04157534246575345
,Chicago Sky,(Underdog), 106  ,7.0,7.5,280.0,2.8,0.2697716894977169,0.025132420091324215

20170818,Seattle Storm,(Favorite), 79  ,-10.0,-10.0,-550.0,0.18181818181818182,0.84375,-0.0028409090909090884
,San Antonio Stars,(Underdog), 78 ,10.0,10.0,425.0,4.25,0.15625,-0.1796875

20170819,Dallas Wings,(Favorite), 90  ,-5.0,-4.5,-190.0,0.5263157894736842,0.6177083333333333,-0.05718201754385971
,Atlanta Dream,(Underdog), 86 ,4.5,5.0,180.0,1.8,0.3822916666666667,0.0704166666666668

20170820,Minnesota Lynx,(Favorite), 61 ,-5.0,-4.0,-210.0,0.47619047619047616,0.6137752651221224,-0.0939507991054383
,New York Liberty,(Underdog), 70  ,4.0,5.0,190.0,1.9,0.38622473487787756,0.12005173114584489

20170820,Connecticut Sun,(Favorite), 94  ,-5.0,-4.5,-200.0,0.5,0.6195876288659794,-0.0706185567010309
,Phoenix Mercury,(Underdog), 66 ,4.5,5.0,185.0,1.85,0.3804123711340206,0.08417525773195877

20170820,Washington Mystics,(Favorite), 87 ,-6.0,-5.5,-230.0,0.43478260869565216,0.646978021978022,-0.07172718585762061
,Indiana Fever,(Underdog), 82  ,5.5,6.0,220.0,2.2,0.35302197802197804,0.12967032967032988

20170820,Chicago Sky,(Favorite), 66  ,-2.5,-2.0,-130.0,0.7692307692307693,0.5361952861952862,-0.05134680134680125
,Seattle Storm,(Underdog), 103 ,2.0,2.5,115.0,1.15,0.4638047138047138,-0.0028198653198654444

20170822,Minnesota Lynx,(Favorite), 105  ,-7.5,-7.5,-360.0,0.2777777777777778,0.7671232876712328,-0.019786910197869156
,Phoenix Mercury,(Underdog), 69 ,7.5,7.5,310.0,3.1,0.2328767123287671,-0.045205479452054775

20170822,Los Angeles Sparks,(Favorite), 75  ,-13.5,-13.0,-1000.0,0.1,0.8952380952380952,-0.015238095238095314
,San Antonio Stars,(Underdog), 55 ,13.0,13.5,750.0,7.5,0.10476190476190475,-0.10952380952380969

20170823,Seattle Storm,(Favorite), 83 ,-4.5,-4.0,-175.0,0.5714285714285714,0.6010752688172043,-0.05545314900153614
,Atlanta Dream,(Underdog), 89  ,4.0,4.5,170.0,1.7,0.3989247311827957,0.07709677419354832

20170823,New York Liberty,(Favorite), 71 ,-10.0,-9.0,-425.0,0.23529411764705882,0.8197342484501231,0.01261289514426972
,Indiana Fever,(Underdog), 50  ,9.0,10.0,400.0,4.0,0.18026575154987692,-0.09867124225061541

20170823,Connecticut Sun,(Favorite), 93  ,-11.5,-11.0,-700.0,0.14285714285714285,0.9193548387096775,0.05069124423963142
,Dallas Wings,(Underdog), 87 ,11.0,11.5,600.0,6.0,0.08064516129032258,-0.4354838709677419

20170824,Los Angeles Sparks,(Favorite), 82 ,-6.0,-5.0,-210.0,0.47619047619047616,0.6448334274421231,-0.04810303568067542
,Phoenix Mercury,(Underdog), 67  ,5.0,6.0,220.0,2.2,0.3551665725578769,0.1365330321852063

20170825,Connecticut Sun,(Favorite), 83  ,-10.0,-9.5,-500.0,0.2,0.880764163372859,0.056916996047430835
,Chicago Sky,(Underdog), 96 ,9.5,10.0,450.0,4.5,0.11923583662714098,-0.3442028985507246

20170825,New York Liberty,(Favorite), 74  ,-5.0,-4.5,-190.0,0.5263157894736842,0.6167032967032967,-0.058716020821283965
,Washington Mystics,(Underdog), 66 ,4.5,5.0,185.0,1.85,0.3832967032967033,0.09239560439560446

20170825,Minnesota Lynx,(Favorite), 89 ,-12.5,-12.5,-1000.0,0.1,0.8666666666666667,-0.046666666666666634
,San Antonio Stars,(Underdog), 70  ,12.5,12.5,650.0,6.5,0.13333333333333333,0.0

20170826,Atlanta Dream,(Favorite), 79  ,-10.0,-9.5,-530.0,0.18867924528301888,0.8682864450127876,0.03211407614727588
,Indiana Fever,(Underdog), 74 ,9.5,10.0,450.0,4.5,0.13171355498721227,-0.2755754475703326

20170826,Washington Mystics,(Favorite), 78  ,-5.0,-4.5,-200.0,0.5,0.6189130434782608,-0.07163043478260878
,Dallas Wings,(Underdog), 83 ,4.5,5.0,180.0,1.8,0.38108695652173913,0.06704347826086965

20170827,New York Liberty,(Favorite), 92  ,-7.0,-7.0,-300.0,0.3333333333333333,0.6973684210526315,-0.07017543859649131
,Chicago Sky,(Underdog), 62 ,7.0,7.0,260.0,2.6,0.3026315789473684,0.08947368421052626

20170827,Seattle Storm,(Favorite), 71  ,-5.5,-4.5,-185.0,0.5405405405405406,0.6191304347826088,-0.04620446533489997
,Phoenix Mercury,(Underdog), 75 ,4.5,5.5,180.0,1.8,0.3808695652173913,0.06643478260869562

20170827,Los Angeles Sparks,(Favorite), 78  ,-3.0,-2.5,-145.0,0.6896551724137931,0.5548433048433048,-0.06250614009234706
,Minnesota Lynx,(Underdog), 67 ,2.5,3.0,130.0,1.3,0.44515669515669515,0.023860398860398924

20170829,Washington Mystics,(Favorite), 76  ,-2.0,-2.0,-130.0,0.7692307692307693,0.5777777777777777,0.022222222222222143
,Connecticut Sun,(Underdog), 86 ,2.0,2.0,120.0,1.2,0.4222222222222222,-0.07111111111111112

20170830,Minnesota Lynx,(Favorite), 80 ,-15.5,-15.0,-1600.0,0.0625,0.8712121212121212,-0.07433712121212122
,Indiana Fever,(Underdog), 69  ,15.0,15.5,1100.0,11.0,0.12878787878787878,0.5454545454545453

20170830,Chicago Sky,(Favorite), 96  ,-3.5,-2.5,-145.0,0.6896551724137931,0.5648137929343094,-0.0456594533178909
,Dallas Wings,(Underdog), 99 ,2.5,3.5,135.0,1.35,0.4351862070656906,0.022687586604372978

20170901,Washington Mystics,(Favorite), 110  ,-2.0,-2.0,-135.0,0.7407407407407407,0.5652173913043478,-0.016103059581320522
,Seattle Storm,(Underdog), 106 ,2.0,2.0,115.0,1.15,0.43478260869565216,-0.06521739130434795

20170901,New York Liberty,(Favorite), 81  ,-13.0,-13.0,-1000.0,0.1,0.9333333333333333,0.026666666666666686
,San Antonio Stars,(Underdog), 69 ,13.0,13.0,700.0,7.0,0.06666666666666667,-0.4666666666666667

20170901,Minnesota Lynx,(Favorite), 110  ,-13.0,-12.5,-800.0,0.125,0.9041666666666667,0.01718750000000001
,Chicago Sky,(Underdog), 87 ,12.5,13.0,675.0,6.75,0.09583333333333333,-0.2572916666666667

20170901,Connecticut Sun,(Favorite), 66 ,1.0,1.0,-110.0,0.9090909090909091,0.5576923076923077,0.06468531468531469
,Phoenix Mercury,(Underdog), 86  ,-1.0,-1.0,-110.0,0.9090909090909091,0.4423076923076923,-0.15559440559440563

20170901,Los Angeles Sparks,(Favorite), 81  ,-13.5,-12.5,-900.0,0.1111111111111111,0.8916666666666666,-0.009259259259259328
,Atlanta Dream,(Underdog), 56 ,12.5,13.5,700.0,7.0,0.10833333333333332,-0.13333333333333341

20170902,Indiana Fever,(Favorite), 71  ,-4.0,-3.5,-160.0,0.625,0.5902909550917141,-0.04077719797596452
,San Antonio Stars,(Underdog), 75 ,3.5,4.0,145.0,1.45,0.40970904490828586,0.003787160025300329

20170903,New York Liberty,(Favorite), 82 ,-4.0,-3.5,-165.0,0.6060606060606061,0.5874830358074956,-0.05646663946068886
,Dallas Wings,(Underdog), 81  ,3.5,4.0,155.0,1.55,0.4125169641925044,0.051918258690886177

20170903,Los Angeles Sparks,(Favorite), 81  ,-8.0,-7.5,-375.0,0.26666666666666666,0.7768018018018018,-0.016051051051051063
,Connecticut Sun,(Underdog), 70 ,7.5,8.0,320.0,3.2,0.2231981981981982,-0.06256756756756754

20170903,Chicago Sky,(Favorite), 80  ,-1.5,0.0,-110.0,0.9090909090909091,0.497790243073262,-0.04967317231468177
,Seattle Storm,(Underdog), 85 ,0.0,1.5,100.0,1.0,0.5022097569267381,0.004419513853476165

20170903,Phoenix Mercury,(Favorite), 84  ,-8.5,-8.0,-410.0,0.24390243902439024,0.8007575757575758,-0.003935698447893543
,Atlanta Dream,(Underdog), 70 ,8.0,8.5,350.0,3.5,0.19924242424242425,-0.1034090909090909

20170903,Minnesota Lynx,(Favorite), 86  ,-11.5,-11.0,-650.0,0.15384615384615385,0.9193548387096775,0.06079404466501251
,Washington Mystics,(Underdog), 72 ,11.0,11.5,550.0,5.5,0.08064516129032258,-0.4758064516129032

20170906,Washington Mystics,(Favorite), 86  ,-6.5,-6.5,-290.0,0.3448275862068966,0.6511627906976745,-0.12429831595829985
,Dallas Wings,(Underdog), 76 ,6.5,6.5,250.0,2.5,0.3488372093023256,0.22093023255813948

20170906,Phoenix Mercury,(Favorite), 79  ,-4.5,-4.5,-185.0,0.5405405405405406,0.5978260869565217,-0.07902467685076381
,Seattle Storm,(Underdog), 69 ,4.5,4.5,175.0,1.75,0.40217391304347827,0.10597826086956519

20170910,Connecticut Sun,(Favorite), 83  ,-5.5,-5.5,-220.0,0.45454545454545453,0.6195652173913043,-0.0988142292490119
,Phoenix Mercury,(Underdog), 88 ,5.5,5.5,195.0,1.95,0.3804347826086957,0.12228260869565222

20170910,New York Liberty,(Favorite), 68  ,-6.0,-5.5,-220.0,0.45454545454545453,0.6490683229813665,-0.05590062111801236
,Washington Mystics,(Underdog), 82 ,5.5,6.0,220.0,2.2,0.3509316770186336,0.12298136645962754

20170912,Minnesota Lynx,(Favorite), 101  ,-10.5,-10.0,-600.0,0.16666666666666666,0.871764705882353,0.01705882352941182
,Washington Mystics,(Underdog), 81 ,10.0,10.5,525.0,5.25,0.12823529411764706,-0.19852941176470595

20170912,Los Angeles Sparks,(Favorite), 79  ,-8.5,-8.5,-400.0,0.25,0.8222222222222222,0.027777777777777735
,Phoenix Mercury,(Underdog), 66 ,8.5,8.5,350.0,3.5,0.17777777777777778,-0.19999999999999996

20170917,Minnesota Lynx,(Favorite), 81 ,-7.0,-6.5,-300.0,0.3333333333333333,0.6782355575459024,-0.09568592327213019
,Washington Mystics,(Underdog), 70  ,6.5,7.0,270.0,2.7,0.32176444245409763,0.19052843708016132

20170917,Los Angeles Sparks,(Favorite), 89 ,-4.5,-4.0,-110.0,0.9090909090909091,0.6021505376344086,0.14956011730205276
,Phoenix Mercury,(Underdog), 87  ,4.0,4.5,175.0,1.75,0.3978494623655914,0.09408602150537626

